{
  "5_clients_iid_E1": {
    "loss": [
      [
        1,
        0.848708625406055
      ],
      [
        2,
        0.8304558416451069
      ],
      [
        3,
        0.8215727262851992
      ],
      [
        4,
        0.8125656740155341
      ],
      [
        5,
        0.8036378645762084
      ]
    ],
    "accuracy": {
      "accuracy": [
        [
          1,
          0.572196041470311
        ],
        [
          2,
          0.5882186616399623
        ],
        [
          3,
          0.5916116870876532
        ],
        [
          4,
          0.5996229971724787
        ],
        [
          5,
          0.6029217719132893
        ]
      ]
    }
  },
  "10_clients_iid_E1": {
    "loss": [
      [
        1,
        0.8506550312660192
      ],
      [
        2,
        0.8378967482565036
      ],
      [
        3,
        0.8329011711391158
      ],
      [
        4,
        0.8280807113276687
      ],
      [
        5,
        0.8245153292072595
      ]
    ],
    "accuracy": {
      "accuracy": [
        [
          1,
          0.5722902921771913
        ],
        [
          2,
          0.585014137606032
        ],
        [
          3,
          0.5878416588124411
        ],
        [
          4,
          0.5916116870876533
        ],
        [
          5,
          0.5915174363807727
        ]
      ]
    }
  },
  "5_clients_noniid_E1": {
    "loss": [
      [
        1,
        0.8767162773692522
      ],
      [
        2,
        0.8335149063824506
      ],
      [
        3,
        0.8211779031853752
      ],
      [
        4,
        0.8161348129136659
      ],
      [
        5,
        0.8085243994762081
      ]
    ],
    "accuracy": {
      "accuracy": [
        [
          1,
          0.5752531295185844
        ],
        [
          2,
          0.5910876034349344
        ],
        [
          3,
          0.5975896147530103
        ],
        [
          4,
          0.5990966049767747
        ],
        [
          5,
          0.6000384017246592
        ]
      ]
    }
  },
  "10_clients_noniid_E1": {
    "loss": [
      [
        1,
        0.8967157144435073
      ],
      [
        2,
        0.8452430137745893
      ],
      [
        3,
        0.8338827478730629
      ],
      [
        4,
        0.8307267968222369
      ],
      [
        5,
        0.8258474061804091
      ]
    ],
    "accuracy": {
      "accuracy": [
        [
          1,
          0.5663416703497217
        ],
        [
          2,
          0.5707699448517992
        ],
        [
          3,
          0.5803834282052784
        ],
        [
          4,
          0.5912189758089852
        ],
        [
          5,
          0.5881094124684279
        ]
      ]
    }
  },
  "5_clients_iid_E5": {
    "loss": [
      [
        1,
        0.8141766120868399
      ],
      [
        2,
        0.7904537507489984
      ],
      [
        3,
        0.780137124093044
      ],
      [
        4,
        0.7734914836852085
      ],
      [
        5,
        0.7724417692417249
      ]
    ],
    "accuracy": {
      "accuracy": [
        [
          1,
          0.6
        ],
        [
          2,
          0.6122525918944393
        ],
        [
          3,
          0.6201696512723844
        ],
        [
          4,
          0.6267672007540057
        ],
        [
          5,
          0.6298774740810555
        ]
      ]
    }
  }
}