{
  "5_clients_iid_E1_hybrid": {
    "loss": [
      [
        1,
        0.8439209108865002
      ],
      [
        2,
        0.8040183614381184
      ],
      [
        3,
        0.7835026640918994
      ],
      [
        4,
        0.7865894701208965
      ],
      [
        5,
        0.7737174630052744
      ]
    ],
    "accuracy": {
      "accuracy": [
        [
          1,
          0.5768143261074458
        ],
        [
          2,
          0.6057492931196984
        ],
        [
          3,
          0.6213949104618285
        ],
        [
          4,
          0.6203581526861451
        ],
        [
          5,
          0.6257304429783224
        ]
      ]
    }
  },
  "10_clients_iid_E1_hybrid": {
    "loss": [
      [
        1,
        0.835501042797698
      ],
      [
        2,
        0.8110496272409333
      ],
      [
        3,
        0.8037213746159847
      ],
      [
        4,
        0.8006003502907335
      ],
      [
        5,
        0.790814350080535
      ]
    ],
    "accuracy": {
      "accuracy": [
        [
          1,
          0.5885014137606032
        ],
        [
          2,
          0.6036757775683318
        ],
        [
          3,
          0.6031102733270499
        ],
        [
          4,
          0.5980207351555137
        ],
        [
          5,
          0.6122525918944393
        ]
      ]
    }
  },
  "5_clients_noniid_E1_hybrid": {
    "loss": [
      [
        1,
        0.8518276227687803
      ],
      [
        2,
        0.8109901763246709
      ],
      [
        3,
        0.8006714389490683
      ],
      [
        4,
        0.7905996080034022
      ],
      [
        5,
        0.7836481645715955
      ]
    ],
    "accuracy": {
      "accuracy": [
        [
          1,
          0.525492413533126
        ],
        [
          2,
          0.5912732070492884
        ],
        [
          3,
          0.6052209970785034
        ],
        [
          4,
          0.628498727735369
        ],
        [
          5,
          0.6219018000188483
        ]
      ]
    }
  },
  "5_clients_iid_E5_hybrid": {
    "loss": [
      [
        1,
        0.9185831785988515
      ],
      [
        2,
        0.7946282664635179
      ],
      [
        3,
        0.7684642722593176
      ],
      [
        4,
        0.7812277757031642
      ],
      [
        5,
        0.7685923605342725
      ]
    ],
    "accuracy": {
      "accuracy": [
        [
          1,
          0.5324222431668237
        ],
        [
          2,
          0.6163053722902921
        ],
        [
          3,
          0.6297832233741754
        ],
        [
          4,
          0.6260131950989632
        ],
        [
          5,
          0.6357210179076344
        ]
      ]
    }
  }
}