{
  "5_clients_iid_E1": {
    "loss": [
      [
        1,
        0.8446365532394179
      ],
      [
        2,
        0.8357499632264622
      ],
      [
        3,
        0.8306093301107926
      ],
      [
        4,
        0.8235558573532284
      ],
      [
        5,
        0.822380355278576
      ]
    ],
    "accuracy": {
      "accuracy": [
        [
          1,
          0.5787935909519322
        ],
        [
          2,
          0.5836003770028275
        ],
        [
          3,
          0.5864278982092366
        ],
        [
          4,
          0.5962299717247879
        ],
        [
          5,
          0.5946277097078229
        ]
      ]
    }
  },
  "10_clients_iid_E1": {
    "loss": [
      [
        1,
        0.9188806905654329
      ],
      [
        2,
        0.8350830659396686
      ],
      [
        3,
        0.8390714062091654
      ],
      [
        4,
        0.8328179208373934
      ],
      [
        5,
        0.8303239069436655
      ]
    ],
    "accuracy": {
      "accuracy": [
        [
          1,
          0.554099905749293
        ],
        [
          2,
          0.5928369462770972
        ],
        [
          3,
          0.5827521206409048
        ],
        [
          4,
          0.591894439208294
        ],
        [
          5,
          0.5907634307257303
        ]
      ]
    }
  },
  "5_clients_noniid_E1": {
    "loss": [
      [
        1,
        0.8670206855743458
      ],
      [
        2,
        0.8277437030769138
      ],
      [
        3,
        0.8215108106188226
      ],
      [
        4,
        0.8073432639826817
      ],
      [
        5,
        0.8053074518817049
      ]
    ],
    "accuracy": {
      "accuracy": [
        [
          1,
          0.568845280117274
        ],
        [
          2,
          0.5936294868419709
        ],
        [
          3,
          0.5944777875989511
        ],
        [
          4,
          0.5992850176004205
        ],
        [
          5,
          0.599945038918927
        ]
      ]
    }
  },
  "5_clients_iid_E5": {
    "loss": [
      [
        1,
        0.8213291836616343
      ],
      [
        2,
        0.797736168261635
      ],
      [
        3,
        0.78370430340304
      ],
      [
        4,
        0.7753060339083658
      ],
      [
        5,
        0.7722282016928975
      ]
    ],
    "accuracy": {
      "accuracy": [
        [
          1,
          0.5923656927426955
        ],
        [
          2,
          0.6079170593779454
        ],
        [
          3,
          0.6172478793590952
        ],
        [
          4,
          0.6262016965127238
        ],
        [
          5,
          0.6241281809613572
        ]
      ]
    }
  }
}